{
  "hits": 11,
  "misses": 0,
  "false_alarms": 1,
  "reaction_times_ms": [
    721.914529800415,
    747.2870349884033,
    282.72080421447754,
    264.66822624206543,
    417.7565574645996,
    467.27705001831055,
    364.23277854919434,
    400.6927013397217,
    281.16536140441895,
    349.0879535675049,
    332.7610492706299
  ]
}